GCCCAGGGTTTTCCCAGTCACGACGAAGATGGAAGGTTTACAGCACAGCTCAATAAAGCCAGCCAGTATGTTTCTCTGCTCATCAGAGACTCCCAGCCCAGTGATTCAGCCACCTACCTCTGTGCCGGCTCCTACTTTGGAGGAAAGCTTATCTTCGGACAGGGAACGGAGTTATCTGTGAAACCCAATATCCAGAACCCTGACCCTGCCGTGTACCAGCTGAGAGACTCTAAAT,17:187>GCTCCTACTTT,127,138
GCCCAGGGTTTTCCCAGTCACGACGAAGATGGAAGGTTTACAGCACAGCTCAATAAAGCCAGCCAGTATGTTTCTCTGCTCATCAGAGACTCCCAGCCCAGTGATTCAGCCACCTACCTCTGTGCCGTGACTTACTTTGGAAATGAGAAATTAACCTTTGGGACTGGAACAAGACTCACCATCATACCCAATATCCAGAACCCTGACCCTGCCGTGTACCAGCTGAGAGACTCTAAAT,17:190>CTT,130,133
GCCCAGGGTTTTCCCAGTCACGACGCATCAACGGTTTTGAGGCTGAATTTAACAAGAGTCAAACTTCCTTCCACTTGAGGAAACCCTCAGTCCATATAAGCGACACGGCTGAGTACTTCTGTGCTGTGAGTGCCTATAACACCGACAAGCTCATCTTTGGGACTGGGACCAGATTACAAGTCTTTCCAAATATCCAGAACCCTGACCCTGCCGTGTACCAGCTGAGAGACTCTAAAT,25:189>CC,132,134
GCCCAGGGTTTTCCCAGTCACGACGAAGATGGAAGGTTTACAGCACAGCTCAATAAAGCCAGCCAGTATGTTTCTCTGCTCATCAGAGACTCCCAGCCCAGTGATTCAGCCACCTACCTCTGTGCCGTGGGGTCGGGCCAGGCAGGAACTGCTCTGATCTTTGGGAAGGGAACCACCTTATCAGTGAGTTCCAATATCCAGAACCCTGACCCTGCCGTGTACCAGCTGAGAGACTCTAAAT,17:193>GGGTCGGG,129,137
GCCCAGGGTTTTCCCAGTCACGACACGATACAACATGACCTATGAACGGTTCTCTTCATCGCTGCTCATCCTCCAGGTGCGGGAGGCAGATGCTGCTGTTTACTACTGTGCTGGGACCCCGTATTCAGGAGGAGGTGCTGACGGACTCACCTTTGGCAAAGGGACTCATCTAATCATCCAGCCCTATATCCAGAACCCTGACCCTGCCGTGTACCAGCTGAGAGACTCTAAAT,25:185>CC,118,120
ACCCAGGGTTTTCCCAGTCACGACTACAGCAACTCTGGATGCAGACACAAAGCAAAGCTCTCTGCACATCACAGCCTCCCAGCTCAGCGATTCAGCCTCCTACATCTGTGTGGTGAGCGTGGGGAACAATGCCAGACTCATGTTTGGAGATGGAACTCAGCTGGTGGTGAAGCCCAATATCCAGAACCCTGACCCTGCCGTGTACCAGCTGAGAGACTCTAAAT,25:176>TGGGG,119,124
ACCCAGGGTTTTCCCAGTCACGACTCCAGAAGGCAAGAAAATCCGCCAACCTTGTCATCTCCGCTTCACAACTGGGGGACTCAGCAATGTATTTCTGTGCAATGATAGGAGCTGGTGGTACTAGCTATGGAAAGCTGACATTTGGACAAGGGACCATCTTGACTGTCCATCCAAATATCCAGAACCCTGACCCTGCCGTGTACCAGCTGAGAGACTCTAAAT,25:174>GA,108,110
ACCCAGGGTTTTCCCAGTCACGACGCATCAACGGTTTTGAGGCTGAATTTAACAAGAGTCAAACTTCCTTCCACTTGAGGAAACCCTCAGTCCATATAAGCGACACGGCTGAGTACTTCTGTGCTGTGAGGGTTTATAACCAGGGAGGAAAGCTTATCTTCGGACAGGGAACGGAGTTATCTGTGAAACCCAATATCCAGAACCCTGACCCTGCCGTGTACCAGCTGAGAGACTCTAAAT,25:192>GG,130,132
ACCCAGGGTTTTCCCAGTCACGACGAAGATGGAAGGTTTACAGCACAGCTCAATAAAGCCAGCCAGTATGTTTCTCTGCTCATCAGAGACTCCCAGCCCAGTGATTCAGCCACCTACCTCTGTGCCGTGAATTGGCTTAACCAGTTCTATTTTGGGACAGGGACAAGTTTGACGGTCATTCCAAATATCCAGAACCCTGACCCTGCCGTGTACCAGCTGAGAGACTCTAAAT,17:184>TTGGCT,131,137
ACCCAGGGTTTTCCCAGTCACGACACTAACCTTTCAGTTTGGTGATGCAAGAAAGGACAGTTCTCTCCACATCACTGCAGCCCAGCCTGGTGATACAGGCCTCTACCTCTGTGCAGCCATACGCCCTCGGCCCGAGGAAGGCAACACAGGCAAACTAATCTTTGGGCAAGGGACAACTTTACAAGTAAAACCAGATATCCAGAACCCTGACCCTGCCGTGTACCAGCTGAGAGACTCTAAAT,22:194>CCATACGCCCTCGGCCCGAGGAA,116,139
ACCCAGGGTTTTCCCAGTCACGACGAAGATGGAAGGTTTACAGCACAGCTCAATAAAGCCAGCCAGTATGTTTCTCTGCTCATCAGAGACTCCCAGCCCAGTGATTCAGCCACCTACCTCTGTGCCGAGAAGTATTTCGGAGGAAAGCTTATCTTCGGACAGGGAACGGAGTTATCTGTGAAACCCAATATCCAGAACCCTGACCCTGCCGTGTACCAGCTGAGAGACTCTAAAT,17:187>GTATTTC,131,138
ACCCAGGGTTTTCCCAGTCACGACGCATCAACGGTTTTGAGGCTGAATTTAACAAGAGTCAAACTTCCTTCCACTTGAGGAAACCCTCAGTCCATATAAGCGACACGGCTGAGTACTTCTGTGCTGTGAGTGCCTATAACACCGACAAGCTCATCTTTGGGACTGGGACCAGATTACAAGTCTTTCCAAATATCCAGAACCCTGACCCTGCCGTGTACCAGCTGAGAGACTCTAAAT,25:189>CC,132,134
AGCCAGGGTTTTCCCAGTCACGACACGAATAAGTGCCACTCTTAATACCAAGGAGGGTTACAGCTATTTGTACATCAAAGGATCCCAGCCTGAAGACTCAGCCACATACCTCTGTGCCTCCCCCTCTTCGGGCAACAATGACATGCGCTTTGGAGCAGGGACCAGACTGACAGTAAAACCAAATATCCAGAACCCTGACCCTGCCGTGTACCAGCTGAGAGACTCTAAAT,25:182>CCCCCTCTTCGGGC,119,133
AGCCAGGGTTTTCCCAGTCACGACGCATCAACGGTTTTGAGGCTGAATTTAACAAGAGTCAAACTTCCTTCCACTTGAGGAAACCCTCAGTCCATATAAGCGACACGGCTGAGTACTTCTGTGCTGTGAGTGCCTATAACACCGACAAGCTCATCTTTGGGACTGGGACCAGATTACAAGTCTTTCCAAATATCCAGAACCCTGACCCTGCCGTGTACCAGCTGAGAGACTCTAAAT,25:189>CC,132,134
AGCCAGGGTTTTCCCAGTCACGACGAAGATGGAAGGTTTACAGCACAGCTCAATAAAGCCAGCCAGTATGTTTCTCTGCTCATCAGAGACTCCCAGCCCAGTGATTCAGCCACCTACCTCTGTGCCGTGAACTATCTGGGGGCCAGACTCATGTTTGGAGATGGAACTCAGCTGGTGGTGAAGCCCAATATCCAGAACCCTGACCCTGCCGTGTACCAGCTGAGAGACTCTAAAT,17:187>TATCTGGGG,132,141
ATCCAGGGTTTTCCCAGTCACGACGCATCAACGGTTTTGAGGCTGAATTTAACAAGAGTCAAACTTCCTTCCACTTGAGGAAACCCTCAGTCCATATAAGCGACACGGCTGAGTACTTCTGTGCTGTGAGGGTTTATAACCAGGGAGGAAAGCTTATCTTCGGACAGGGAACGGAGTTATCTGTGAAACCCAATATCCAGAACCCTGACCCTGCCGTGTACCAGCTGAGAGACTCTAAAT,25:192>GG,130,132
ATCCAGGGTTTTCCCAGTCACGACCTCAGTTTGGTATAACCAGAAAGGACAGCTTCCTGAATATCTCAGCATCCATACCTAGTGATGTAGGCATCTACTTCTGTGCTGGGCGGACCATGTATCTCGAATCAGACATGCGCTTTGGAGCAGGGACCAGACTGACAGTAAAACCAAATATCCAGAACCCTGACCCTGCCGTGTACCAGCTGAGAGACTCTAAAT,25:174>GGACCATGTATCTCGAATCA,111,131
ATCCAGGGTTTTCCCAGTCACGACACTAACCTTTCAGTTTGGTGATGCAAGAAAGGACAGTTCTCTCCACATCACTGCAGCCCAGCCTGGTGATACAGGCCTCTACCTCTGTGCAGCCATACGCCCTCGGCCCGAGGAAGGCAACACAGGCAAACTAATCTTTGGGCAAGGGACAACTTTACAAGTAAAACCAGATATCCAGAACCCTGACCCTGCCGTGTACCAGCTGAGAGACTCTAAAT,22:194>CCATACGCCCTCGGCCCGAGGAA,116,139
ATCCAGGGTTTTCCCAGTCACGACGAAGATGGAAGGTTTACAGCACAGCTCAATAAAGCCAGCCAGTATGTTTCTCTGCTCATCAGAGACTCCCAGCCCAGTGATTCAGCCACCTACCTCTGTGCCGAGAAGTATTTCGGAGGAAAGCTTATCTTCGGACAGGGAACGGAGTTATCTGTGAAACCCAATATCCAGAACCCTGACCCTGCCGTGTACCAGCTGAGAGACTCTAAAT,17:187>GTATTTC,131,138
ATCCAGGGTTTTCCCAGTCACGACGCATCAACGGTTTTGAGGCTGAATTTAACAAGAGTCAAACTTCCTTCCACTTGAGGAAACCCTCAGTCCATATAAGCGACACGGCTGAGTACTTCTGTGCTGTGAGCCCCTATAACACCGACAAGCTCATCTTTGGGACTGGGACCAGATTACAAGTCTTTCCAAATATCCAGAACCCTGACCCTGCCGTGTACCAGCTGAGAGACTCTAAAT,25:189>CCCC,130,134
ATCCAGGGTTTTCCCAGTCACGACACGATACAACATGACCTATGAACGGTTCTCTTCATCGCTGCTCATCCTCCAGGTGCGGGAGGCAGATGCTGCTGTTTACTACTGTGCTGTGGTGGTAAACCAGGGAGGAAAGCTTATCTTCGGACAGGGAACGGAGTTATCTGTGAAACCCAATATCCAGAACCCTGACCCTGCCGTGTACCAGCTGAGAGACTCTAAAT,25:176>TA,119,121
ATCCAGGGTTTTCCCAGTCACGACGCATCAACGGTTTTGAGGCTGAATTTAACAAGAGTCAAACTTCCTTCCACTTGAGGAAACCCTCAGTCCATATAAGCGACACGGCTGAGTACTTCTGTGCTGTGAGTGCCTATAACACCGACAAGCTCATCTTTGGGACTGGGACCAGATTACAAGTCTTTCCAAATATCCAGAACCCTGACCCTGCCGTGTACCAGCTGAGAGACTCTAAAT,25:189>CC,132,134
ATCCAGGGTTTTCCCAGTCACGACGAAGATGGAAGGTTTACAGCACAGCTCAATAAAGCCAGCCAGTATGTTTCTCTGCTCATCAGAGACTCCCAGCCCAGTGATTCAGCCACCTACCTCTGTGCCGTGACTTACTTTGGAAATGAGAAATTAACCTTTGGGACTGGAACAAGACTCACCATCATACCCAATATCCAGAACCCTGACCCTGCCGTGTACCAGCTGAGAGACTCTAAAT,17:190>CTT,130,133
GGCCAGGGTTTTCCCAGTCACGACACGAATAAGTGCCACTCTTAATACCAAGGAGGGTTACAGCTATTTGTACATCAAAGGATCCCAGCCTGAAGACTCAGCCACATACCTCTGTGCCTTTATAAGTGGAGGTAGCAACTATAAACTGACATTTGGAAAAGGAACTCTCTTAACCGTGAATCCAAATATCCAGAACCCTGACCCTGCCGTGTACCAGCTGAGAGACTCTAAAT,25:185>TA,122,124
GGCCAGGGTTTTCCCAGTCACGACGAAGATGGAAGGTTTACAGCACAGCTCAATAAAGCCAGCCAGTATGTTTCTCTGCTCATCAGAGACTCCCAGCCCAGTGATTCAGCCACCTACCTCTGTGCCGTGGCATATCTGGGCAAACTAATCTTTGGGCAAGGGACAACTTTACAAGTAAAACCAGATATCCAGAACCCTGACCCTGCCGTGTACCAGCTGAGAGACTCTAAAT,17:184>GCATATCTG,129,138
