GCCCAGGGTTTTCCCAGTCACGACGGACAAGTTTCTCATCAACCATGCAAGCCTGACCTTGTCCACTCTGACAGTGACCAGTGCCCATCCTGAAGACAGCAGCTTCTACATCTGCAGTGCTAGCGTCCCGGGGGCGAGTCAGCCCCAGCATTTTGGTGATGGGACTCGACTCTCCATCCTAGAGGACCTGAACAAGGTGTTCCCACCCGAGGTCGCTGTGTTTGAGCCATCAGAAGCA,17:182>CGTCCCG:GAGT,123,130,135,139
GCCCAGGGTTTTCCCAGTCACGACCCTGAATGCCCCAACAGCTCTCTCTTAAACCTTCACCTACACGCCCTGCAGCCAGAAGACTCAGCCCTGTATCTCTGCGCCAGCAGCCATGGGGCTACGGAGACCCAGTACTTCGGGCCAGGCACGCGGCTCCTGGTGCTCGAGGACCTGAAAAACGTGTTCCCACCCGAGGTCGCTGTGTTTGAGCCATCAGAAGCA,25:166>TG:TACGG,113,115,119,124
GCCCAGGGTTTTCCCAGTCACGACCTGCAGAGAGGCCTAAGGGATCTTTCTCCACCTTGGAGATCCAGCGCACAGAGCAGGGGGACTCGGCCATGTATCTCTGTGCCAGCAGCCACTCAGCAGATACGCAGTATTTTGGCCCAGGCACCCGGCTGACAGTGCTCGAGGACCTGAAAAACGTGTTCCCACCCGAGGTCGCTGTGTTTGAGCCATCAGAAGCA,25:165>CACTCAG:DJonly,113,NA,NA,120
GCCCAGGGTTTTCCCAGTCACGACCCTGAATGCCCCAACAGCTCTCACTTATTCCTTCACCTACACACCCTGCAGCCAGAAGACTCGGCCCTGTATCTCTGCGCCAGCAGCCAAGATTGGACAGAGAACTATGGCTACACCTTCGGTTCGGGGACCAGGTTAACCGTTGTAGAGGACCTGAACAAGGTGTTCCCACCCGAGGTCGCTGTGTTTGAGCCATCAGAAGCA,25:172>TTG:AGA,116,119,124,127
ACCCAGGGTTTTCCCAGTCACGACGCTCTGAGATGAATGTGAGTGCCTTGGAGCTGGGGGACTCGGCCCTTTATCTTTGCGCCAGCAGCGACGGGACAGACGGAGGGCAGCCCCAGCATTTTGGTGATGGGACTCGACTCTCCATCCTAGAGGACCTGAACAAGGTGTTCCCACCCGAGGTCGCTGTGTTTGAGCCATCAGAAGCA,24:150>GACG:ACGGAGGGC,89,93,99,108
ACCCAGGGTTTTCCCAGTCACGACCAGACCCCAGGACCGGCAGTTCATCCTGAGTTCTAAGAAGCTCCTTCTCAGTGACTCTGGCTTCTATCTCTGTGCCTGGACGGAACAGGTCATCTCCTACGAGCAGTACTTCGGGCCGGGCACCAGGCTCACGGTCACAGAGGACCTGAAAAACGTGTTCCCACCCGAGGTCGCTGTGTTTGAGCCATCAGAAGCA,24:164>CGGAA:TCATC,104,109,113,118
ACCCAGGGTTTTCCCAGTCACGACCTCTGAGCTGAATGTGAACGCCTTGTTGCTGGGGGACTCGGCCCTCTATCTCTGTGCCAGCAGCTTTTTTGACAGCTCAACTGAAGCTTTCTTTGGACAAGGCACCAGACTCACAGTTGTAGAGGACCTGAACAAGGTGTTCCCACCCGAGGTCGCTGTGTTTGAGCCATCAGAAGCA,25:146>TTTTG:CTCAA,90,95,99,104
ACCCAGGGTTTTCCCAGTCACGACCCTGAATGCCCCAACAGCTCTCACTTATTCCTTCACCTACACACCCTGCAGCCAGAAGACTCGGCCCTGTATCTCTGTGCCAGCAGCCAAGAAGGGAGCCACACAAATACGCAGTATTTTGGCCCAGGCACCCGGCTGACAGTGCTCGAGGACCTGAAAAACGTGTTCCCACCCGAGGTCGCTGTGTTTGAGCCATCAGAAGCA,25:172>AG:CCAC,116,118,122,126
ACCCAGGGTTTTCCCAGTCACGACTGGCTACAATGTCTCCAGATTAAACAAACGGGAGTTCTCGCTCAGGCTGGAGTCGGCTGCTCCCTCCCAGACATCTGTGTACTTCTGTGCCAGCAGTGGGATACCGGGAAATGATAATTCACCCCTCCACTTTGGGAATGGGACCAGGCTCACTGTGACAGAGGACCTGAACAAGGTGTTCCCACCCGAGGTCGCTGTGTTTGAGCCATCAGAAGCA,16:185>GGATACC:AATGA,122,129,133,138
ACCCAGGGTTTTCCCAGTCACGACCTGCAGAGAGGCCTAAGGGATCTTTCTCCACCTTGGAGATCCAGCGCACAGAGCAGGGGGACTCGGCCATGTATCTCTGTGCCAGCAGCCACTCAGCAGATACGCAGTATTTTGGCCCAGGCACCCGGCTGACAGTGCTCGAGGACCTGAAAAACGTGTTCCCACCCGAGGTCGCTGTGTTTGAGCCATCAGAAGCA,25:165>CACTCAG:DJonly,113,NA,NA,120
ACCCAGGGTTTTCCCAGTCACGACGCCTGATGGATCAAATTTCACTCTGAAGATCCGGTCCACAAAGCTGGAGGACTCAGCCATGTACTTCTGTGCCAGCAGTGAATCCGTTTTCACAACCTACGAGCAGTACTTCGGGCCGGGCACCAGGCTCACGGTCACAGAGGACCTGAAAAACGTGTTCCCACCCGAGGTCGCTGTGTTTGAGCCATCAGAAGCA,11:164>TCCGTTTTCACAA:DJonly,106,NA,NA,119
AGCCAGGGTTTTCCCAGTCACGACGCCTGATGGATCAAATTTCACTCTGAAGATCCGGTCCACAAAGCTGGAGGACTCAGCCATGTACTTCTGTGCCAGCAGTGAATCCGTTTTCACAACCTACGAGCAGTACTTCGGGCCGGGCACCAGGCTCACGGTCACAGAGGACCTGAAAAACGTGTTCCCACCCGAGGTCGCTGTGTTTGAGCCATCAGAAGCA,11:164>TCCGTTTTCACAA:DJonly,106,NA,NA,119
AGCCAGGGTTTTCCCAGTCACGACGCTCTGAGATGAATGTGAGTGCCTTGGAGCTGGGGGACTCGGCCCTTTATCTTTGCGCCAGCAGCTTGATGGGCAGGGCTACCTACAATGAGCAGTTCTTCGGGCCAGGGACACGGCTCACCGTGCTAGAGGACCTGAAAAACGTGTTCCCACCCGAGGTCGCTGTGTTTGAGCCATCAGAAGCA,24:153>ATGGGC:CTAC,92,98,102,106
AGCCAGGGTTTTCCCAGTCACGACGCCTGATGGATCAAATTTCACTCTGAAGATCCGGTCCACAAAGCTGGAGGACTCAGCCATGTACTTCTGTGCCAGCAAGGCCGGGACAGATCATAATTCACCCCTCCACTTTGGGAATGGGACCAGGCTCACTGTGACAGAGGACCTGAACAAGGTGTTCCCACCCGAGGTCGCTGTGTTTGAGCCATCAGAAGCA,11:164>AGGCCG:ATCA,101,107,113,117
AGCCAGGGTTTTCCCAGTCACGACCTCTGAGCTGAATGTGAACGCCTTGTTGCTGGGGGACTCGGCCCTCTATCTCTGTGCCAGCAGCTTTTTTGACAGCTCAACTGAAGCTTTCTTTGGACAAGGCACCAGACTCACAGTTGTAGAGGACCTGAACAAGGTGTTCCCACCCGAGGTCGCTGTGTTTGAGCCATCAGAAGCA,25:146>TTTTG:CTCAA,90,95,99,104
AGCCAGGGTTTTCCCAGTCACGACCCTGAATGCCCCAACAGCTCTCACTTATTCCTTCACCTACACACCCTGCAGCCAGAAGACTCGGCCCTGTATCTCTGTGCCAGCAGCCAAGAAGGGAGCCACACAAATACGCAGTATTTTGGCCCAGGCACCCGGCTGACAGTGCTCGAGGACCTGAAAAACGTGTTCCCACCCGAGGTCGCTGTGTTTGAGCCATCAGAAGCA,25:172>AG:CCAC,116,118,122,126
AGCCAGGGTTTTCCCAGTCACGACCTGCAGAGAGGCCTAAGGGATCTTTCTCCACCTTGGAGATCCAGCGCACAGAGCAGGGGGACTCGGCCATGTATCTCTGTGCCAGCAGCCACTCAGCAGATACGCAGTATTTTGGCCCAGGCACCCGGCTGACAGTGCTCGAGGACCTGAAAAACGTGTTCCCACCCGAGGTCGCTGTGTTTGAGCCATCAGAAGCA,25:165>CACTCAG:DJonly,113,NA,NA,120
AGCCAGGGTTTTCCCAGTCACGACTCTCCACTCTGAAGATCCAGCGCACACAGCAGGAGGACTCGGCCGTGTATCTCTGTGCCAGCAGCTTAGCGGGGGGAGGGTCTGAGGTGCAGTACTTCGGGCCGGGCACCAGGCTCACGGTCACAGAGGACCTGAAAAACGTGTTCCCACCCGAGGTCGCTGTGTTTGAGCCATCAGAAGCA,25:150>GGGG:TCTGAGGTG,94,98,104,113
ATCCAGGGTTTTCCCAGTCACGACCTCTGAGCTGAATGTGAACGCCTTGTTGCTGGGGGACTCGGCCCTCTATCTCTGTGCCAGCAGCTTTTTTGACAGCTCAACTGAAGCTTTCTTTGGACAAGGCACCAGACTCACAGTTGTAGAGGACCTGAACAAGGTGTTCCCACCCGAGGTCGCTGTGTTTGAGCCATCAGAAGCA,25:146>TTTTG:CTCAA,90,95,99,104
ATCCAGGGTTTTCCCAGTCACGACGCCTGATGGATCAAATTTCACTCTGAAGATCCGGTCCACAAAGCTGGAGGACTCAGCCATGTACTTCTGTGCCAGCAAGGCCGGGACAGATCATAATTCACCCCTCCACTTTGGGAATGGGACCAGGCTCACTGTGACAGAGGACCTGAACAAGGTGTTCCCACCCGAGGTCGCTGTGTTTGAGCCATCAGAAGCA,11:164>AGGCCG:ATCA,101,107,113,117
ATCCAGGGTTTTCCCAGTCACGACCTGCAGAGAGGCCTAAGGGATCTTTCTCCACCTTGGAGATCCAGCGCACAGAGCAGGGGGACTCGGCCATGTATCTCTGTGCCAGCAGCCACTCAGCAGATACGCAGTATTTTGGCCCAGGCACCCGGCTGACAGTGCTCGAGGACCTGAAAAACGTGTTCCCACCCGAGGTCGCTGTGTTTGAGCCATCAGAAGCA,25:165>CACTCAG:DJonly,113,NA,NA,120
ATCCAGGGTTTTCCCAGTCACGACTGGCTACAATGTCTCCAGATTAAACAAACGGGAGTTCTCGCTCAGGCTGGAGTCGGCTGCTCCCTCCCAGACATCTGTGTACTTCTGTGCCAGCAGTGGGATACCGGGAAATGATAATTCACCCCTCCACTTTGGGAATGGGACCAGGCTCACTGTGACAGAGGACCTGAACAAGGTGTTCCCACCCGAGGTCGCTGTGTTTGAGCCATCAGAAGCA,16:185>GGATACC:AATGA,122,129,133,138
ATCCAGGGTTTTCCCAGTCACGACCTGCAGAGAGGCCTAAGGGATCTTTCTCCACCTTGGAGATCCAGCGCACAGAGCAGGGGGACTCGGCCATGTATCTCTGTGCCAGCAGCCATAGCACAGATACGCAGTATTTTGGCCCAGGCACCCGGCTGACAGTGCTCGAGGACCTGAAAAACGTGTTCCCACCCGAGGTCGCTGTGTTTGAGCCATCAGAAGCA,25:165>CAT:DJonly,113,NA,NA,116
ATCCAGGGTTTTCCCAGTCACGACCCTGAATGCCCCAACAGCTCTCTCTTAAACCTTCACCTACACGCCCTGCAGCCAGAAGACTCAGCCCTGTATCTCTGCGCCAGCAGCCATGGGGCTACGGAGACCCAGTACTTCGGGCCAGGCACGCGGCTCCTGGTGCTCGAGGACCTGAAAAACGTGTTCCCACCCGAGGTCGCTGTGTTTGAGCCATCAGAAGCA,25:166>TG:TACGG,113,115,119,124
GGCCAGGGTTTTCCCAGTCACGACGATAACTTCCAATCCAGGAGGCCGAACACTTCTTTCTGCTTTCTTGACATCCGCTCACCAGGCCTGGGGGACGCAGCCATGTACCTGTGTGCCACCAGCAGACCGCGCGGGGCTAGCGGGAGGGGTAGCTCCTACAATGAGCAGTTCTTCGGGCCAGGGACACGGCTCACCGTGCTAGAGGACCTGAAAAACGTGTTCCCACCCGAGGTCGCTGTGTTTGAGCCATCAGAAGCA,25:202>CCGCGCG:GTAGC,126,133,148,153
GGCCAGGGTTTTCCCAGTCACGACGGACAAGTTTCTCATCAACCATGCAAGCCTGACCTTGTCCACTCTGACAGTGACCAGTGCCCATCCTGAAGACAGCAGCTTCTACATCTGCAGTGCGGTAGCGGTCAATATCTACAATGAGCAGTTCTTCGGGCCAGGGACACGGCTCACCGTGCTAGAGGACCTGAAAAACGTGTTCCCACCCGAGGTCGCTGTGTTTGAGCCATCAGAAGCA,17:182>GGT:TCAATATC,120,123,128,136
GGCCAGGGTTTTCCCAGTCACGACGCCTGATGGATCAAATTTCACTCTGAAGATCCGGTCCACAAAGCTGGAGGACTCAGCCATGTACTTCTGTGCCAGCAGTGAATCCGTTTTCACAACCTACGAGCAGTACTTCGGGCCGGGCACCAGGCTCACGGTCACAGAGGACCTGAAAAACGTGTTCCCACCCGAGGTCGCTGTGTTTGAGCCATCAGAAGCA,11:164>TCCGTTTTCACAA:DJonly,106,NA,NA,119
